text,id,score,topic_id
oh ya menghadirkan layanan keuangan didalam aplikasi barunya koinp2p koinrobo koinbisnis,1360,0.6761222128931501,12
menyajikan ragam layanan keuangan aplikasi pengalaman terbaik pengguna mengakses layanan keuangan dibutuhkan cek aplikasinya ya tweeps,1379,0.6473049493774203,12
hai sudah reply via dm ya tolong dicek thanks,1043,0.626347141334578,12
menghadirkan layanan keuangan didalam aplikasi barunya koinp2p koinrobo koinbisnis,1208,0.6262754633689265,12
menghadirkan kkl layanan keuangan aplikasi barunya koinp2p koinrobo koinbisnis,1334,0.6262754633689265,12
menghadirkan kkl layanan keuangan aplikasi barunya koinp2p koinrobo koinbisnis,1363,0.6262754633689265,12
pinjaman koinbisnis mudah cepat bunga rendah jaminan terbuka tipe usaha pt cv industri rumah tangga nama pribadi onelink me lgvi 20e03b19 terdaftar diawasi ojk suku bunga,708,0.6040281271465094,12
hai lihat pinjaman koinbisnis persembahan mudah cocok kebutuhan bisnis terbuka tipe usaha pt cv industri rumah tangga nama pribadi unduh dapatkan kemudahan genggaman onelink me lgvi 147265f6,558,0.5840593870689557,12
hai lihat pinjaman koinbisnis persembahan mudah cepat bunga rendah jaminan cocok cont tl gd n 1sr4uvg,1134,0.5725610557388958,12
sudah dm min tolong dicek trims,311,0.5584246845188288,12
tolong cek dm ya min thanks,114,0.5583945410620954,12
selamat siang admin tolong cek dm ya,286,0.5583873731280412,12
memiliki rekam jejak digital porsi berasal e commerce berhasil menyalurkan pinjaman rp250 miliar bunga pertahun gede deposito vbrnwh3evx,1202,0.5523003573000707,12
awalan menghadirkan layanan keuangan aplikasi barunya ada koinp2p koinrobo koinbisnis koinpintar,1295,0.5388649344446209,12
ga tanggung2 nih pendahuluan menghadirkan layanan keuangan aplikasi barunya koinp2p koinrobo koinbisnis,1354,0.5363559565428202,12
cocok kebutuhan bisnis terbuka tipe usaha pt cv industri rumah tangga nama pribadi onelink me lgvi f8884ca3 terdaftar diawasi ojk pinjaman suku bunga jaminan,719,0.5311464385828427,12
sudah dm min cek ya,314,0.5142239452654661,12
sudah dm ya min thanks,274,0.514217772389718,12
cocok kebutuhan bisnis terbuka tipe usaha pt cv industri rumah tangga nama pribadi unduh dapatkan kemudahan genggaman onelink me lgvi 43534a0d terdaftar diawasi ojk,1546,0.510033922691171,12
ragam layanan aplikasi pengalaman terbaik pengguna mengakses layanan dibutuhkan,1263,0.4828467583569394,12
cek tabungan cek brankas cek sertifikat cek reksa cek ovo cek go pay cek hitung ora cukuuuuup geringgingen moco twit iki hahaha wedaaaaas,1572,0.4761770548533233,12
tolong cek dm trims,980,0.4603056467686048,12
tolong cek dm min,1550,0.460300538617109,12
tolong cek dm ya,726,0.46027840423860533,12
tolong cek dm ya,938,0.46027840423860533,12
tolong cek dm ya,998,0.46027840423860533,12
cek dm ya min,37,0.4602713461781869,12
cek dm ya min,1104,0.4602713461781869,12
sudah dm ya silakan dicek,22,0.46026307131654587,12
sudah dm ya tolong direply,1741,0.4602256182399109,12
min tolong cek dm ya accpunt value berkurang,1146,0.431487110213187,12
min dm tolong baca ya,354,0.4144398146450356,12
tolong cek dm akun makasih,896,0.4142724334199517,12
mantab nih bunga pertahun gede deposito senangnya,1288,0.41425607183391955,12
halo min cek dm ya,1637,0.41422324950446143,12
memperkenalkan layanan koinp2p miliknya siar jakarta - platform one stop financial solution memperkenalkan lifestyle fintech startup peertopeer go to link siar memperkenalkan layanan koinp2p miliknya ... vssnlg65rz,1033,0.4065466971251611,12
memiliki bunga pertahun gede deposito bahagia banget yaaa,1308,0.39558615897315935,12
dm dm dm,947,0.3928551793983354,12
tolong cek dm,904,0.3928405151814444,12
tolong cek dm,1595,0.3928405151814444,12
cek dm min,976,0.3928364299820106,12
cek dm min,1569,0.3928364299820106,12
cek dm min,1646,0.3928364299820106,12
cek dm min,1893,0.3928364299820106,12
min cek dm,1934,0.3928364299820106,12
sudah cek dm,1531,0.392821076861508,12
sudah dm min,334,0.39280517172836227,12
noted min sudah dm,1427,0.39280517172836227,12
sudah dm min,1731,0.39280517172836227,12
cek dm ya,1568,0.3928016826948705,12
sudah dm ya,1901,0.3927802813246655,12
singkatnya dicover modalnya ya bunga didapatkan diganti ya,1864,0.39275568945001177,12
oh ya udah kenal kenalan yukkk one stop financial solution platform memiliki izin diawasi langsung ojk menghadirkan beragam kebutuhan finansial,1376,0.3886786818838584,12
hola sobatpaper penasaran paper finance solution modalkuid investree id bunga kompetitif transparan aman partner sudah memiliki izin ojk flndtznh5r,1034,0.3831040999564649,12
tolong cek dm ya terima kasih,1525,0.3765903457013987,12
min cek dm ya terima kasih,1662,0.37658084715239354,12
sudah bls dm nya semoga cepat tanggapi thanks,1739,0.3765805934625806,12
hadir online menyajikan layanan keuangan koinp2p koinrobo koinbisnis berupaya menghadirkan produk teknologi dikembangkan,1239,0.35727279261123024,12
tolong cek dm koinrobo terlambat pencairannya pdhl koinrobo disamakan deposito cairnya pas tanggal jatuh tempo,1429,0.3550306972242059,12
halo kaa harap cek dm ya thankss,1112,0.3491502302246478,12
pilih karna enak aplikasinya bingung makek aplikasinya,1628,0.34913531923149377,12
layanan one stop financial solutions dihadirkan berharap kebutuhan masyarakat indonesia,1345,0.34626271972379585,12
min cek dm bantu ya terima kasih,344,0.3452000148260784,12
terjawab sudah penasaranku bunga pertahun gede deposito kusegera berinvestasi menabung ada keraguan lagiiiihhhh,1201,0.3294117633678324,12
halo min bantu cek dm ya thankyou,1859,0.32901354770560315,12
ada baru2 meluncurkan keempat layanan terbaru ada aplikasinya koinp2p koinrobo koinbisnis salah satunya,1373,0.32465579474477113,12
masyarakat sudah go digital akses layanan keuangan layak layanan one stop financial solutions dihadirkan berharap kebutuhan masyarakat indonesia,1280,0.32087179342547145,12
reply dm,944,0.30611930000412696,12
cek dm,986,0.3061023584706923,12
cek dm,1118,0.3061023584706923,12
miin cek dm,1120,0.3061023584706923,12
cek dm,1432,0.3061023584706923,12
dm cek,1516,0.3061023584706923,12
cek dm,1521,0.3061023584706923,12
cek dm,1555,0.3061023584706923,12
cek dm,1933,0.3061023584706923,12
dm min,961,0.30610078461461077,12
sudah dm,1625,0.3060716324066776,12
sudah dm,1660,0.3060716324066776,12
sudah dm,1687,0.3060716324066776,12
renovasi rumah min,898,0.3060587875591107,12
dm ya,1975,0.3059874029662197,12
sudah done thanks,488,0.30597672195744957,12
terpenting one stop financial solution platform berizin diawasi ojk menghadirkan beragam kebutuhan finansial,1347,0.2995014899496477,12
halo min tny koin penfaftar br kosong ya mohon cek dm ya,1855,0.29589270873567225,12
fyi one stop financial solution platform berizin diawasi ojk menghadirkan beragam kebutuhan finansial,1264,0.2943762497104947,12
tolong respon dm sudah infonya,1128,0.29007876528857274,12
beli rumah mobil ya pertimbangannya blog beli rumah mobil ... via,846,0.2880507578236055,12
kabar suami nih biar istri sayang bunga gede deposito yxfntwzbtq,1321,0.2856903248084452,12
platform one stop financial solutions indonesia besutan via laptophia laptophia platform one stop financial solutions html ...,1514,0.2779379559874192,12
udah dm ya min,1661,0.2699641031594669,12
to tolong dm masak an gak direspon skali ylki id ojkindonesia,1160,0.26958878555986127,12
investasi bs pendana bunga gede deposito uang dianggurin,1335,0.26891277362885757,12
ojkindonesia selamat malam kak bantuan aplikasi terdaftar ojk,566,0.26837928442534986,12
baca dm min,656,0.2679545333552141,12
hai min akun instagramnya b0o5vdj0bg,668,0.26783885168211735,12
min check your dm,861,0.26783801289262144,12
tolong keluhan dm dibaca ditanggapi udah berjamur dianggurin 10hari,667,0.26783690844790525,12
okeesip makasih infonya min,1967,0.26782973075456695,12
sudah dm senin pls check,1557,0.26781250457832384,12
please check dm response thanks,3,0.26779093796893727,12
min suka crash ya,1752,0.26775586056214695,12
release aplikasi benernya ya bos iya kejadian,1082,0.2677044510709631,12
works thanks ya,1707,0.26770366084851377,12
podo zah rak kuat nek kon ndekem neng omah ya allah cepat jalan,752,0.2676962196328546,12
karna persen bunga bunga tahunan cuman sekian persen pengen cepat kaya doank pelajari,838,0.2618917164930104,12
ngga informasi aplikasi ga transparan ga ada info calon peminjamnya ga ada info tanggal pinjaman ga ada info pembayaran peminjam telat suku bunga bisa berubah tiba2 potongan komisi ga konsisten dll,427,0.7851549679636526,11
ada nih bisa akses via website aplikasi aplikasi ios error coba login ga bisa2 aplikasi android bisa tiba2 hang tolong diperbaiki benar2 ga nyaman,1809,0.7557816590712401,11
tlg dibantu uang blm masuk account cash kronologi sbb feb top up account cash feb email support krn ga reflect account feb dijwb support sudah cek rekening berkala feb sampe skrg tdk ada masuk,1013,0.7460933701707749,11
gimana gaes npl refinancing nih pinjeman hendri khaetami si orang bogor dibayar doang kabur gue udh pasrah nunggu duitnya lumayan bisa gue puterin hiks d3qoayzee7,229,0.7440905410304482,11
pengalaman pribadi sbg pendana dr ga pengen nerusin gegara ada case peminjam ngubah tenor ga ada notif ya udah ga ada opsi duit nyangkut smp 24bln dg resiko dr 3bln tiba2 brubah 24bln,9,0.7278881602962057,11
aplikasi playstore semoga diperbaiki serius aplikasinya biar ga ada bug jengah bet pinjaman udah jatuh tempo dikembalikan ada kejelasan ebyerdghyv,420,0.7132727140242627,11
portfolio gw berkurang signifikan tiba2 kayaknya ada aneh i sent e mail to costumer center tolong balas jg diperbaiki kejelasan ngecek,1145,0.7072431307304573,11
woooi duit dikemanain investasi koinrobo sudah diterima aktivitas tercatat portfolio sudah hilang dashboard ngga ada penambahan dana lapor via email telepon ga ada memuaskan balikin duit investor,1465,0.7062106596283452,11
halo min ga nemuin aplikasinya playstore ya ada ya min install ulang ja6aqexzx2,423,0.6961700897552591,11
mohon info dana jadwal pembayaran maret ada saldo ya telat bayar ya,654,0.6961304870206252,11
portofolio bisa berkurang tiba2 kemarin sy buka normal tp koq berkurang duitnya hilang kemana,1164,0.6901022631855903,11
mohon bantuannya coba email ada balasan tanggal maret pendanaan tiba2 pendanaan berubah mohon bantuannya exshiufitk,442,0.689338886616216,11
ada respon bisa memasukkan kode voucher layar blank dashboard bug nih aplikasinya coba simulasi kalo via web ditunggu respon,1054,0.6891705636761739,11
ada statusnya dibayar april mei ada pembayaran bisa dibantu ya,484,0.6760992034935893,11
dear ngasi tau kalo tampilan enak diliat ribet gak bisa liat arus kas masuk dgn nyaman,902,0.6760091005986505,11
bacot lu gede ane kasih pinjaman loan grade a3 jatuh tempo oct sampe gak boro2 untung modal ane ilang,715,0.675635439232255,11
halo min nanya koin p2p cair td pagi masuk available cash profitnya ya dana gak masuk,276,0.6750765594096577,11
min portofolio sy koq bisa berkurang tiba2 pdhl kemarin normal duitnya hilang kemana,1163,0.6744276794010003,11
dear selamat sebentar melaporkan saldo account tiba2 terpotong sudah kroscek dgn menjumlahkan dana account p2p robolending sisa dana terpotong ntah dimana mohon dibantu ya thank you,1638,0.6740761484116412,11
withdrawal rek bank proses nya brp ya min kemarin ad withdrawal sampe masuk masuk,964,0.6738330895928545,11
ada bug menu portofolio ya min ga ada informasi detail pokok bunga pembayaran oqay0q8tid,1755,0.6641997131842607,11
halo admin tanya id produk no 212019fb3f dibayar ya tgl oktober sudah lunas jt lebihnya tolong ditagihkan ya sudah menunggak sudah masuk status gagal bayar,1091,0.6625853499478933,11
invest uang nya eh ga jatem april sampe ga dikomplen wa robot reply email ga ada balasan ckck,352,0.6590740698914115,11
yup order history hilang schedule repayment nol barusan team dm sih semoga bisa ditangani mengecewakan bisa cek via website applikasinya tp aplikasinya error daveseta status ...,1775,0.6559015209757976,11
transaksi gak bisa udah masuk cart trs check out menu cash gak berkurang udah ah cape aplikasi sempurna rilis,1570,0.6552927767678498,11
mohon info portfolio april tertulis ada pembayaran ada pembayaran tersendat pembayarannya ya,487,0.6529870253334462,11
ada rumusnya min itunganya gmn ya liat tgl jatoh tempo gmn ya makasi d25rwacukn,1114,0.6529419205812377,11
aplikasi dibuka gak bisa disuruh relogin semoga dana nasabah gak ilang,1789,0.6527425753973812,11
gue liat masandi andihiyat bahas bunga woah gede tau gue mah ada udah tau denger andihiyat status s ...,1283,0.6433674773884359,11
kemarin portofolionya ga update ya akses portofolio indikatornya muter2 ga bisa diliat dr web jg ya sbg pendana,1626,0.6414502939951873,11
saldo referall gw dpt ko hilang bener ga aaplikasi sy udh email jg ga dijwb parah lo,1740,0.6412982134548089,11
tanya donk brp ya proses utk pinjaman dana melgkpi data pencairan pengajuan sdh sebulan belm ada kejelasan tlg donk dibantu koin wor minimal ada info status pengajuan email itingta yahoo,908,0.6304374729268174,11
dm dibalas public replay biar keliatan ada response maintenance update tampilan performance lambat aplikasi android bisa halaman tampilan portofolio sulit,1778,0.6298267786118417,11
hallo coba portofolio laporan keuangan transparan ada udah jatuh tempo terbayarkan ada alasan fitur buka data lender ga bisa dibuka merekomendasikan keorang keluhan usernya tdk ditanggapi,457,0.6296996362582896,11
admin sudah perbaruan aplikasi kluarnya tampilan halaman depannya ga bisa login,1776,0.6262468043148748,11
pinjam dana atm nmr atm berlaku atm saldo ada brp kalo dr 700rb disuruh isi harusbada saldo,659,0.6261737476212546,11
sd setup autopurchase acct status sdh on tdk dgn spt pakai do android mohon penjelasan,1532,0.6260230915983237,11
program2 fintek sdh diawasi ojk sdh ada spt lps nya tau namanya investasi ada resikonya uang hilang ya gimana ya,1161,0.6257506023675892,11
id lender no 212019fb3f 212019c0b0 id merurul gmail tgl oktober sudah lunas jt lebihnya tolong ditagihkan ya soalna sudah nunggak sesuai janji iklan refund dana,1460,0.624846016334182,11
duit gw hilang investasi koinrobo dah cair tp pengembalian dana ga ada dashboard ojkindonesia evaluasi ijin fintech,1464,0.6240439190141842,11
pekerja ngantor pengen bisikin atasan yok bisa yok wfh udah ketakutan loh kontrakan digosipin tetangga pagi td diledekin clien krn msh nelp pake telp kantor bilang msh ngantor lg rebaham krn wfh c7d88dqrr6,783,0.6237591834876095,11
dear kw bisa pendanaan koinrobo ada ya mohon dibantu terima kasih,184,0.6160080431601157,11
depo des skrg blm masuk respon laporan slalu diteruskan prosesnya skrg gak ada bukti tindakan dm email mrk masuk sdh berlatih mngiklaskan,1563,0.6154527651484422,11
asetku mendanai 5jt 5jt ada bbrp orang minjem jd kebalik sistem nya dg si contohnya dr duit 5jt gue masukin ada bbrp orang minjem dr uang 5jt gue minjem nya 3jt gak dr gue bmk2poej77,180,0.6153244699428344,11
sensitif portfolio berkurang tiba2 kejelasan sudah kirim e mail beserta screenshot telepon dm ada solusi disuruh nunggu sudah lapor kepolisian ojk,1099,0.6151394525611539,11
dear koin works deposit tanggal des masuk sudah hub wa email telp gak ada respon,1597,0.6143133060928383,11
dear koin works deposit tanggal des masuk sudah hub wa email telp gak ada respon,1598,0.6143133060928383,11
dear koin works deposit tanggal des masuk sudah hub wa email telp gak ada respon,1599,0.6143133060928383,11
dear koin works deposit tanggal des masuk sudah hub wa email telp gak ada respon,1600,0.6143133060928383,11
bisa redeem voucher koin ya pas diklik blank dashboard sudah install ulang kalo via desktop gimana ya mohon solusi qkylmy2yxe,1069,0.6139283721838422,11
halo admin id produk no 212019fb3f dibayar ya tgl oktober sudah lunas jt lebihnya tolong ditagihkan ya sudah menunggak sudah masuk status gagal bayar terima kasih,963,0.6132301828091828,11
"Zhong Guo Bao Fu Si You Kun Nan ,Bei Zhi Cai De 11Wei Mei Guo Gong Min Zhong You 3Ren Zhong Fu Jin Ru Zhi Cai Ming Dan dlvr it rdmfqr",873,0.6109193781895211,11
"Zhong Guo Bao Fu Si You Kun Nan ,Bei Zhi Cai De 11Wei Mei Guo Gong Min Zhong You 3Ren Zhong Fu Jin Ru Zhi Cai Ming Dan dlvr it rdmfqr",1384,0.6109193781895211,11
mandirifiesta min udah november voucher dijanjikan ada oktober desember website bankmandiri tetep ga ada maksudnya sih min rycaicgkc6,1958,0.610400475205656,11
aplikasi merespon email customer service butuh berhari hri hilang ada deposit kemana progresnya sudah tgl wow banget nih suruh invest gagu males,1641,0.6099105338362899,11
mas dave sudah portfolio ga history kosong payment schedule nol ada keuangan narik dana error ojkindonesia mohon bantuannya,1754,0.5965519198895224,11
halo min sudah transfer des kmrn tp dananya masuk email konfirmasi sudah bbrp kali kirim mohon bantuannya,1690,0.5964492355399961,11
sudah sebulan ada kejelasan tlg dibantu donk,907,0.5951783605775095,11
udah update tp gak bisa dibuka gimana,1788,0.5951099542315202,11
pengajuan proses ya ujung ditolak mohon diperbaiki biar gak php,707,0.595007479975978,11
knp feb gak cair gmn sih ampe masuk maret ats5mizp9i,965,0.5949976244889451,11
menit barusan berubah statusnya semoga mention ya admin thanks anyway,1968,0.594912035926064,11
duit tongpes sama2 pengen tambahan penghasilan ya suka cari cari investasi nih untungnya gedhe langsung melirik pas ada konon hasilnya pertahun gedhe deposito ya 9pcmeouljr,1378,0.5947224606630901,11
halo admin tanya id produk no 212019fb3f 212019c0b0 dibayar ya tgl oktober sudah lunas jt lebihnya tolong ditagihkan ya terima kasih,1473,0.5945234967285605,11
setujuh pendanaan ga dibayar iklan bilang nunggak lgs cair dana taktis janjimu php,1450,0.5944371226182198,11
mendanai pinjaman grade a prosesnya bisa sebulan pengembaliannya jatuh tempo 20an oktober skrg nasibnya telp cs disuruh sabar menunggu,1705,0.592899216491603,11
kepingin banget bisa diam rumah ga ngider ga uang hidup sehari2 mba,730,0.5924208167991444,11
pagi min tanya knp gak bisa top up saldo bca virtual account ya situ tertulis ada tagihan trims ganti password koinworksnya trims,1998,0.5869138063789126,11
bisa disediakan opsi aplikasi aplikasi lihat total keuntungan udah ga ada persentase persentasenya crash aplikasinya,1653,0.5861892342306715,11
min pgn tau prrformance brp invest brp imbal hasilnya gmn ya thanks,1632,0.582695227069041,11
pagi tanya sudah reinstall dibuka stuck logo koin hilang mohon solusinya thanks,1784,0.5813075003180713,11
ojkindonesia mohon diinvestigasi kekacauan fintek minggu web aplikasi error lender bisa menarik dana data error,1753,0.5803795056185375,11
gimana sudah sebulan statusnya funding proses balikin deh duitnya masukin tenor nunggu sisa duit loan eh ikutan nyangkut kaya gini parah parah kvlagkkguu,603,0.5756166203709832,11
case thn min sblm pandemi mendanai krn tenor hny bln proses peminjaman dah jalan cek portfolio kaget tenor dah berubah jd bln ada info opsi pembatalan resiko sepenuhnya ada pendana,4,0.574956939392583,11
mohon info pembayaran terlambat bayar dimana ya ditulis sudah dibayar saldonya,623,0.5748703198883858,11
sudah ada perbaikan udah kenyang oh baguslah ya uang lender anggap tumbuhkan pohon ya baguslah bagus kinerja logika neraka iblis dipake ya,122,0.5736295678956643,11
proses kerja npl nya mengerikan sudah minggu ribut admin ig whatsapp e mail berinvestasi catuaries status ...,1490,0.5716124258279633,11
halo keterangan id peminjam 212019985a sudah ada keterangan ada keterangan prosesnya sudah dimana thanks,1861,0.5709359346139875,11
udah dm ya tolong proses withdrawal dilama lamain butuh kalo ga butuh ga withdraw kali withdraw udah sukses reject alasan data nggak udah upload ktp thx,1524,0.5682249420115175,11
to barusan update apk android disana disuruh update data2 ambil foto selfi ktp berhubung device android kameranya ga bagus upgrade data via web,366,0.5661489360841467,11
koin februari sudah tambahan cash 12rb 17rb 5rb april ada tambahan uang return w013w1ivwe,242,0.5614865809130181,11
teh kalo ga salah mesti nunggu kekumpul yah si dana nya bisa diputerin,626,0.5612728832324749,11
bisa tolong reply dm respon email telp ga bisa2 mohon ditanggapi keluhan terkait peringatan pembayaran kena late fee sudah pembayaran jatuh tempo mohon ditanggapi dicek,363,0.5607593605535949,11
nih gimana sih pengajuan dah pemeriksaan dokumen ga gini dapet email msh antrean ko bgt,536,0.5588089701564765,11
dimana pembayaran terlambat ya terkendala sudah pembayaran terlambat ada pemberitahuannya,486,0.5583933671638752,11
coba uninstall install kemarin gitu bisa masuk,1709,0.5583653142367581,11
yayasan undip ada bnyk ga inget stikom2 politeknik2 jg bnyk naungi undip akreditasi gitu,737,0.5583539198569274,11
min ko website gk bisa buka gateway time out,1480,0.5583194851940332,11
admin becanda nih udh 3x upgrade bisa buka,1745,0.558304545359443,11
min webnya n appsnya ga bisa dibuka punyaku nih,1001,0.558287246782589,11
knp aplikasi ku ngga bisa masuk y,1154,0.5581148917127364,11
halo min email support knapa gk respon2 ya,1404,0.5580780454521858,11
ku coba cuman nggak modal ko sam kayanya nih,627,0.5580712584884244,11
halo tolong bantuannya login udah request otp ga diterima coba resend tetep ga diterima kali dibilang you entered the wrong for times dpt otp nya engga gp7hec6gxj,1021,0.5564055268643614,11
dibuka d laptop lihat portofolio pendanaan ko zero ya mohon jawabannya was was tdinya nyoba dlu aga riskan jg,1807,0.5512343283280389,11
Mei Tai Qian Shu Wei Sheng He Zuo Bei Wang Lu Mei Wei Sheng Bu Chang :Zhi Chi Tai Wan De Min Zhu Kai Fang Tou Ming dlvr it rdmpmx,64,0.5506344005629543,11
sedih sih bro pgn untung gede rugi gpp drpda ga samsek nyesel invest bnyk orang,226,0.5498888786086554,11
halo kampanyeku januari ada progres ya statusnya upcoming mulu mohon bantuannya terimakasih kupqpavhlw,1041,0.5493651599303373,11
min member coba deposit notif muncul no pembayaran kadaluarsa gmn ya thx,1542,0.5493291219063576,11
bagus sih udh join 10bulan skrg pas buka portfolio suka ngelag nominal bunga diterima skrg ga ditampilkan prosentase timbal hasil jd diupdate keliatan tczoudvzqv,1737,0.5492044620398463,11
gw sih sampe porto februari kemaren masing2 ga gede ada porto bayarnya telat sampe gw denger sih debt collectornya klu nagih kejem bgt sampe akses kontak peminjam gw mikir sih kasian ya peminjemnya,300,0.5484404223451438,11
min mandirifiesta tanggal oktober belom update nih aplikasinya voucher masuk aplikasi kau tukar poinku hemmmm sejam zt1wcs6cep,1993,0.5428345089319123,11
min aplikasi nya semenjak update error ya ga bisa buka hp coba buka via web gagal ganti password mohon bantuannya,1679,0.5411128609975722,11
mohon info ada pembayaran maret bayar ya,665,0.5393568493344014,11
sudah kali deposit saldo gak bertambah sudah email sabtu ada balasan,1403,0.5342827063496405,11
gak mbak gw msh ketahan sih krn msh coba2 dashboard periode invest tiba2 klik detail berubah ada ada pantesan gak cair2 gimana,58,0.5327866544354942,11
pagi2 iseng buka aplikasi kaget portfolio gw berkurang pdhl ga ngelakuin apa2 fix it pls gw jd nyaman sebulanan update2 bikin outstanding portfolio naek turun ga,1484,0.532409389616088,11
btw aneh login masukin kode otp aneh kode otpnya gak kekirim kirim gimana masuknya coba ada opsi klo kirim kode otp sms mahal bisa coba kirim email min,1805,0.5320121374929329,11
heleh loan kw bnyk ga perform ajaib bgt ada gitu ksp bogor bisa dapet pinjeman kw bayar cicilan ngilang ga filter dlu peminjamnya pdhal nama ksp namanya negatif berita lokal ama nasional,444,0.526018369612844,11
istri idaman suami suamiku isi hatiku ada iklan bisa ngasih bunga pertahun lhaa deposito kalah gede sloq6oufhx,1390,0.5258107628142747,11
gan ya melampirkan documen tambahan via browser loading pakai wifi mohon pencerahan nya gan,454,0.5244214354011191,11
email income maret email januari februari data bisa disediakan kw,641,0.5218677205447663,11
da orang nawari asuransi grates yawda uwe tawari kode uwe uwe mah gitu orangnya pakai kode akoh eah gaeees kodenya hr22814 no tiputipu skuy ah semoga dibalas amal cintanya gatau dibalas ga dibalas dusta lhahyha onelink me lgvi 3ddb797b af ol red true af attr false af origin referrer af tranid 3ddhk9df2z1sqaivmyz gmeq 26af dp 3dkoinworks 253a 252f 252fsigninpersonal 26referral 3dhr22814 26pid 3daf invites 26shortlink 3d3ddb797b 26af referrer customer id 3d gf9917e03595b43789af06d1bc9e5c2bb 26from 3dsuperapps 26af web id 3d853c612e bfb3 4d17 a3d9 7493689101c2 o 26af siteid 3dcom 26c 3dsuperapps 26af referrer uid 3d1587194555375 af chrome lp true ...,535,0.5172721276268655,11
dear team info pinjaman 212019fb01 november proses pembiayaan cair mohon dibantu follow up ya sudah meleset dijanjikan makasih ya,1860,0.5167429528494921,11
sudah bisa filter pinjaman sudah alokasikan dana ya,1590,0.5157481773033925,11
jd error ya aplikasinya close,1729,0.5142480236499951,11
udah ta email gak ada balasan hajaoaeyqp,1594,0.5142382069522393,11
portfolio berkurang tiba2 kejelasan cashflow fraud penipuan glitch aplikasi,1144,0.5141998590705142,11
buka aplikasi mentok ya mohon bantuannya fsab3xlrfp,1710,0.5141925960060982,11
kalo grade a duit pendanaan bisa kalo grade b kalo grade c seinget gitu sistemnya si kw ganti super transparan niatan pengen narik ganti fintech,1447,0.5141633325372277,11
taroh duit gede bisa deg deg an wkwwkwk untung gw iseng2 wkwkwkq,1722,0.514135046178206,11
min aplikasi webnya dibenerin dnk lemot bngt ya skrg loadingnya,1621,0.5141250373114485,11
min dah niat bgt neh gw status ... b7lqtiypan,591,0.5141139758782329,11
daku rumah teh sudah wfh minggu,754,0.5140910420790468,11
kalo ada tetangga elu malingan gimana cobak lu rumah,821,0.5140893350324738,11
aplikasinya ga ada min ku masalahin,1954,0.5139732257632577,11
bisa login errornya email temukan tolong bantu dkykmozd76,1812,0.5139732189598024,11
thx admin sudah bisa gunain uninstal instal lg,1716,0.5137799260950507,11
hai admin info pocophone f1 gk bisa buka halaman detail koin p2p k1uemhy9xo,421,0.5134262840548253,11
min akun ada pembayaran maret cair ya,664,0.5125507278180963,11
bro knp yah akun kaga jd krn thanks,1560,0.5125379186106593,11
gak bisa masuk akun sy bisa dibantu,1802,0.5124344600500418,11
halo kampanyeku ya februari statusnya mohon bantuannya terimakasih dmj9v5hfsb,1003,0.5117871082185872,11
member email wikananto gmail account value tiba2 berkurang 1jt apapun mohon konfirmasinya,263,0.5117227403288885,11
teh alhamdulilah rumah nih udah seminggu smoga tuh virus corona pergi jauh2 ya teh,758,0.5115599163511753,11
hai nanya sbg lender ada piutang jatuh tempo sdh sebulan follow up menghubungi thanks,1854,0.5108626992338094,11
kemarin ga bisa buka ya muncul tampilan pohon natal,1645,0.5108490509166262,11
agresif pendanaan bgt terpenuhi proses disbursement jg oh ya jg ada robokoin jdnya shadowbanking investree konservatif pendanaan terpenuhi tenor pendek bln komunikatif utk penyelesaian default,1174,0.5102089221398658,11
nggak kerasa udah tanggal februari nih kemarin merayakan pergantian ah ya belajar ttg financial salah menarik perhatianku,1367,0.5092112117396395,11
sudah kirim email sesuai petunjuk dm dibalas balas min qqlofmn4fw,283,0.5089823790247481,11
sudah kirim email sesuai petunjuk dm dibalas balas min,284,0.5089823790247481,11
sudah bisa masuk tp otp nya gak terima2 sudah resend 3x gak ada sms masuk solusinya,1803,0.5089461263631224,11
update terbaru bisa login aplikasi kendalanya ya force close,1730,0.5072192806678688,11
aplikasi sempurna knp dilaunching gimana orang percaya simpan uang kalo,1767,0.5050912433799691,11
halo min nanya gunain koin gmna ya koin gak bisa beli koinrobo,1016,0.5038180800415403,11
tau pengalaman kalo ada udah pakai terima kasih,14,0.5036492723503723,11
min dana jatem april koq masuk oasang status dm ga baca,351,0.5034027356236833,11
nya jd lemot liat schedule repayment muncul dr agustus enakan deh bisa liat bulannya dpt imbal brp outstanding brp jd emosi,1728,0.5033213560594915,11
halo min mohon cek dm ya ada kendala ttg withdrawal penulisan nomor rekening via email slow respon makasih,1732,0.5013533925649889,11
min tebar promo gak ada produk bisa pendanaan sudah produk tersedia grade c d 7zanvkssq9,1896,0.49991647458335225,11
halo masuk stlah aplikasi ga bisa mentok otp ga masuk2 smsnya,1766,0.49921466270357273,11
min gak bisa set up bank account gak bisa withdrawal ada solusi,1574,0.4988431848084679,11
sudah seminggu pengajuan pinjaman proses ya bu,1002,0.49782495023764045,11
dear pinjaman npl investasi koin ga ada provision fundnya ya komplain ui tampilannya ga transparan scrolling pinjaman muncul tampilan,1434,0.497597561654265,11
ada invest sampe uangku gak ga tp aware bgt invest mi lisensi bisa bermasalah agi ya kayak jouska,84,0.4975963948327646,11
ditunggu updatenya yah min sempet bingung login via web disuruh buka aplikasi pas buka aplikasi disuruh kunjungi alamat url maunya coba kirain berubah super appnya bisa invest reksadana bisa 5szvklyoju,1811,0.49731364181256504,11
ada dm gitu ya udah udah tanem investasi ga secepatnya giving them benefit of doubt,8,0.49345145570552135,11
cuy tolong penarikan prosesnya udah nunggu cair kasih tau rejected,1530,0.49271378461544885,11
min coba withdraw bank pake apps terbaru koq gak bisa mohon bantuannya,1724,0.49185682694838934,11
mah sih udah bunga segini rezekilah ya invest bantu orang klztx6bd6t,1199,0.4863027999438565,11
kasih pendanaan jatuh tempo oct terbayarkan ada follow up grade a3,1100,0.48565264656104296,11
kasih pendanaan jatuh tempo oct terbayarkan ada follow up grade a3,1101,0.48565264656104296,11
dear bisa mengakses dati aplikasi sdh install ulang,1717,0.4833003263449396,11
hey cs lu kerja gak sih tiket udah ada balasan superapp not only on good design or you build with native script superapp should be have a good customer service sorry this the second time i send ticket and no any update or response pthzhyjpoz,1177,0.48189083745639144,11
bikin excited tuh pas ada bunga huaaaa mah gede deposito gvvae4iqgt,1279,0.48047820517816175,11
"Kua Jing Dian Shang [()] Wai Mao Ya Ma Xun koinworksJie Shao koinworksPing Tai Li Yong Zi Shen Yan Fa De Ji Qi Xue Xi Ji Zhu Jiang Jie Kuan Ren Yu Qian Zai Dai Kuan Ren Jin Xing Pi Pei ,Zhong Dian Jie Jue Zhong Di Shou Ru Ge Ren Ji Xiao Wei Qi Ye De Rong Zi Xu Qiu . Ping Tai Yun Xu Jie Kuan Ren Zai Wang Shang Shen Qing Mei Yue Di Li Lu De Dai Kuan ,Fan Wei Nang Yuan Wen Lian Jie ikjzd w 7p3blztkvb",63,0.47945605861552043,11
min gak dijawab2 dm miminnya kena dampak wfh gak ada kuota internet ya,713,0.479326279082889,11
mohon penjelasan detil id pinjaman 2120190e41 2120193c23 id pinjaman sdh status terlambat bayar berbulan2 ada fee keterlambatan berubah status jdi jatuh tempo september fee keterlambatan nol,301,0.47927863789322045,11
halo kak coba buka web ngga kebuka ada trouble,1989,0.4790746240259019,11
halo tny utk opsi jatuh tempo aro autowithdraw bisa diatur dmn ya aro nya pokok pinjaman bisa diatur hny pinjaman ada biaya utk hasil bunga pinjaman dihasilkan thanks ya,1556,0.4787271479274529,11
uang diinvest tdk langsung tersalurkan bisa minggu jd kl dipotong tunggu tsb gak p a kl ada gagal bayar kw nya bs tiba2 merestruktur pinjamannya dgn jangka cashflow jd berkurang drastis,1179,0.4775697691723137,11
kode voucher penukaran fiesta poin nggak valid ya sudah mohon bantuannya,1906,0.47619390270294043,11
pinjaman product id 72019eb8b dibayar sudah complaint email sudah ada email jawabannya ngambang peminjam kooperatif ukuruan kooperatif nunggak,1928,0.475452381176838,11
halo min install ulang aplikasi koinwork android sadar no telpon register salah gagal kirim otp bisa dikoreksi min,1682,0.47524944798673874,11
kalo pengalaman ga ada isinya gan halaman meminjam bidang usahanya loan statusnya disbursed mirip2 beli kucing dlm karung kalo bidang usaha peminjam high risk derita lu dah,418,0.4743050644444072,11
portfolio hilang separuh perhatikan penanganan krisisnya maksimal email dibalas mention dibalas instagram dibalas,1779,0.47399760861760903,11
bisa filter u exclude pinjman sd biayai tdk tampil marketplace apps gimana nya,1117,0.47140576985560967,11
sudah difollow up call center dikirimkan e mail mohon diakselerasi ya tks,1470,0.4685803520251285,11
orang pastinya bisa investasi dg mudah total return deposito bank rate lps update,1276,0.4685566666372091,11
"tiktokHe Wei Xin Zhun Bei Qi Su Mei Guo Feng Sha Ling ,Hua Wei Bai Su Bu Li Qi Sheng Su Qian Jing dlvr it rdn1by",1255,0.4684850864010198,11
min beli voucher digitnya ga ada ya guxbzmnwyd,325,0.468066190035828,11
min gimana ya access detail portfolio android,1734,0.46739909516311634,11
duitnya disita periode dikembalikan bunga atuh gitu duitnya gw taruh saham 6cu0j0mmd1,1973,0.46738857353785307,11
screenshot excel sudah ada excelnya kirim langsung hapus buatlah ulang ngomong manis2 cerna benedicto benedictooo,115,0.46738520814074075,11
iyaa undip kuliah semarang ga liat kanjeng ya kanjeng msh sd ya,738,0.46725906074714424,11
keuntungan koin takut kehilangan dana tips ada sumber dana cash koin koin grade c return tertinggi marketplace ada grade d e jarang ada check out,245,0.4663741120635972,11
p2p rb fl udh paid tp sampe ada terima gmn nih,915,0.4647285697799318,11
tanya ada pendanaan gagal bayar sudah ada pembayaran berturut2 dianggap gagal bayar dikembalikan dana provision fund ya mohon penjelasannya thanks,250,0.4643152993033343,11
withdrawal mei failed udah coba website tolong cepat perbaiki,341,0.4629509765103196,11
dear tampilan user friendly susah gimana carany menampilka detail list portfolio lupa bisa dibantu,1630,0.46073402937628466,11
kirim email ngak prnh balas ya,912,0.460284556128697,11
bukti trasfer email gak ada respon gqikjihoi1,1593,0.46027692195171954,11
nuker fiesta pointnya gimana ya dikatalog ngk ada,1904,0.4602635565590653,11
laporan laba rugi menunya udah ga ada,920,0.46026092425490917,11
gak bisa dibuka ya,1813,0.46024302068849543,11
says sudh kirim keluhan e mail tlg direspon,1143,0.46020755602720426,11
min dah niat bgt neh gw b7lqtiypan,590,0.46017889148930713,11
met sore kapau dsna sudah tersalur bgmn min portofolio ada keterangan upcoming,1398,0.4601386017316645,11
bisa ya aplikasi website,1551,0.46010837199599247,11
212019fb3f coruadeny gmail tolong konfirmasi secepatnya via email,1442,0.460104711571085,11
bisalah ntar nginvest pertahun bunganya ahay pokoknya mayan laah tambahan2 ngebucin oppa haha gak deng simpenan ajaa bebqu hal2 gaskeeeuun n8erxvwmpn,1230,0.46006753379907483,11
update profil kol gak bisa ya,1773,0.460046237705973,11
iyaa emang ga kemana teh,789,0.45973426370654663,11
befanya dr arah pendanaan bidang bisnis edukasi perusahaan a butuh dana 1m mendanai dr 100rb sampe 1m terkumpul jd bisa danai dianggap,181,0.4592017591159502,11
loan grade b nunggak nunggu cair dana proteksi gt loan grade a nunggak pdhl jatuh tempo diemail ga dibales ditelpon bilangnya cek mulu datengin kali ya,1448,0.45690316764052585,11
ya bisa respon sebelibet gini sekedar status deposit diproses sudah minggu cek h120ebigoo,1587,0.45620641338577766,11
sdh investasi mar19 ada gagal bayar skrg apr20 returnnya jd dana sy sia2 kw dipotong tolong dgn details,612,0.4557963795693184,11
min withdrawal salah masukin norek ganti noreknya gimana ya,23,0.4544615038770856,11
sudah reinstall stopped working lemot ya tdk bisa pengecekan portfolio peminjam scheduled nya mengatasinya tks,1786,0.4535891324338374,11
malam min bingung pakek aplikasi diupdate gimana ya liat total modal keuntungan diaplikasi bisa liat langsung portofolionya,1415,0.4525809017267892,11
min web nya down nya bgt nasib uang lender gmn neh ojkindonesia,1816,0.45212098634706355,11
anw tertarik invest p2p lending bisa pakai ya sudah setahun gw invest ya lumayan start 100rb udah bisa lakuin pendanaan masukin kode reff gw a84959 biar dapet 350rb koin u pendanaan mu klik onelink me lgvi 96ef420c,296,0.45199386348221043,11
apps ga bisa dibuka ada ya,1733,0.44888892733988506,11
mohon ditindak lanjuti min voucher beli ga bisa,324,0.448733992038209,11
min udah november belun tersedia aplikasinya mandiri fiesta,1969,0.44817774482805156,11
udah lihat info menarik gak tweeps tim bu ibuk demen banget uang belanja bulanan ye hasil beughh gede deposito mah vblcmlij5t,1257,0.44668482123427156,11
halo gak direspon skali dm gimana nih ojkindonesia ylki id,1399,0.445891574931046,11
halo kak akun legal blm verifikasi yah tanggal blm bisa pendanaan karna terkendala mohon bantuannya,221,0.4442925413645043,11
sampe kpn ga bs login via aplikasinya cb login via website jg ga bs hadehhhh hadehh,1713,0.4434032312460314,11
via dm yah min udah coba kirim kendalanya,1771,0.4409265296680885,11
pinjaman produk id 920193ec2 gradea november pembayaran dibayar mohon dicairkan dana proteksi,1049,0.4403247240261228,11
buntung sudah bunganya eh modal pokok pinjaman hilang jejak ada kejelasan nasib investasi,891,0.4397418691088308,11
sudah dm ya tlg dibantu email support blm dijwb,988,0.43958162310944854,11
error ya min gak muncul list nya y0690dljey,886,0.43878230374125193,11
eh iya ada himbauan baliho ya hindari bersalaman dianggap lebay loh gara2 menangkupkan tangan dada,779,0.4377733438989397,11
min dm lwt ig trs ada tlp kode ygbdikirim ib bri sebutin ga saldo berkurang koq bisa ya dm akun terverifiksai balasnya penipu tau isi dm,657,0.4364202876876547,11
gimana gue login keluarnya gini gw update gada tombol2 klik nya gimana gw bisa login ud gw email support puluhan kali gada balesan parah zfyhzlo75y,1519,0.43521597106417,11
nyimak nih mas aman ga sih ko n ga selese2 kalo ada gagal bayar trs ada tanggung dr nya,1420,0.43311496719817566,11
pagi min cek portfolio aplikasi gagal memuat ya browsing buka web ada gangguan s1hxf8gmps,1559,0.42738826655677215,11
gan trouble nih udah chat via dm nggak dibales,1743,0.42630937303103733,11
mandiricare halo admin penukaran fiestapoin dgn koin aplikasi menunya ga muncul nih tgl desember,1659,0.4246378419584799,11
tnya porto ada already paid partially kira2 pelunasan nya max brp ya sudah indikatornya msih warna orange,1978,0.42378723939681656,11
tau gak sih tweeps gaes kalo pengguna mengalami peningkatan,1340,0.4220561414658986,11
halobca pagi tanya top up saldo bca virtual account memasukan no virtual account disitu tertulis tagihan tersedia ya trims,1997,0.42130818206733545,11
bingung bisa ada iklan diselingan iklan pusat sejarah markas tni coba cek dibalik,1183,0.42108574504402163,11
kalo pendanaan tenor 1bulan pengembalian dana bunga nya,878,0.42024776971640465,11
hai mimin titip salam mark bruny yah bilangin kalo udah available posisi kemarin yach,174,0.4191740846233406,11
okay thanks min grace periodnya ya dinyatakan pinjaman defaulted,1858,0.41729458249015583,11
input nomor rekening ga bisa tersimpan saldo,1596,0.4156578606673876,11
jg gak masuk2 infonya jg trus website ad pendanaan aktif total invest jd bingung,1760,0.4155535475763248,11
"Hao Pai Da Lan , Ming Men Bei Wo ,Ya Li Xia Zhong Gong Zhong Ti Gai Ge dlvr it rdqpd0",1642,0.41516983434770055,11
coba wd tarik dana klik kotak nominal langsung force close edit akun bank masukkan bisa ya,1699,0.41515817215207257,11
Mei Guo Yao Qiu Xiang Gang Chu Kou Huo Wu Geng Huan Biao Qian Mao Yi You Hui Jiu Ci Zhong Jie dlvr it rdqztp,462,0.4151331561446537,11
Mei Guo Yao Qiu Xiang Gang Chu Kou Huo Wu Geng Huan Biao Qian Mao Yi You Hui Jiu Ci Zhong Jie dlvr it rdqztp,899,0.4151331561446537,11
""" resign bro habis "" ""lhoala trus ganti kemana "" "" jogja"" ig ads muncul ga gila tuh percakapan lisan loh",1669,0.41472785057403516,11
ultra voucher kak voucher ada ya,1067,0.41433446653897094,11
hei sodariku caca sebangsa tanah sebangsa air kuliah rajin ya jngn malas2san bisa jd lulusan terbaik,751,0.41413654538956246,11
aplikasi ngak bisa ya stlh update slalu not responding mentok doang logo,1785,0.41406811545865524,11
selamat pagi bisa akses yah,1806,0.413595411289181,11
ga males suka kuliah ga online,748,0.41348003362530183,11
kayaknya apply deh asetku milih applynya gampang bingung navigate ui uxnya info assets manage jatuh temponya pendanaan telat ngga ada suka error error,569,0.41338301721964377,11
iya ditelpon butuh beroperasi sedia sayangnya ga bisa janjikan beroperasi normal,1742,0.4133354454222904,11
mandirifiesta halo penukaran voucher gk ada dimenua ya,1885,0.412507686002353,11
akun yah tdk jd koin bonus 350rb utk pendanaan bisa dicairkan diakhir tenor,1562,0.4120620834738323,11
narik duit gini udh update aplikasi terrrrbaru yi2xddqgyp,1721,0.4117758612714995,11
sudah upload ktp kemarin disuruh update ya mengambil foto ktp tombolnya bisa ditekan,1618,0.4095524282789262,11
sudah update apl gak bisa login otp gak terkirim,1801,0.4089358574326293,11
mah deh nabung bisa dapet bunga pertahun 29ii26kr7t,1251,0.4069516145788656,11
tolong cek min perjanjian oktober tp sampe ga uangnya mstsbjvvsn,1458,0.4065472102045979,11
dear team mohon dicek topup saldo blm masuk dgn no invoice,1684,0.4058857833328355,11
min layout pc sy maintenance krn via hp jg ga bs dibuka blank need ur info thanks fnou2lb2py,1747,0.4040674556255361,11
gak ada investasi bikin modal bangun candi prambanan malem bisa dapet ratusan pake rp bisa invest untung melimpah pake loh,1220,0.4031952744310401,11
haloo blm bisa login ya udah update coba fast respons,1757,0.40246653327342563,11
iya mohon dipercepat prosesnya ya terima kasih,1518,0.3991444016786837,11
daftar sadar ada kesalahan penulisan email tulisan konfirmasi email bisa mengganti email,1977,0.39886153595954327,11
gimana mengupload dokumen tambahan ada proses pengajuan pinjaman dokumen maksudnya agsvkwgljv,874,0.39842568582633103,11
kalo sistem p2p lending percaya sih lumaian coba2 haha ga berani nyimpen gede takut tetep seneng deposito bank bunga nya aman handokotjung status ...,985,0.3982095132224182,11
halo loan id 212020003a apakabar ya udh telat,470,0.3970699395972301,11
ada perbedaan dana web skrg lihat total nilai akun bisa gagal memuat data,1748,0.3960401972833204,11
halo sobat sebangsa setanah air bgmna dgn kabar ada suka berpergian kalo gada kepentingan mendesak dirumahaja dpt wa dr tmn ngingetin stay rumah dukung gerakansocialdistancing tingkat penyebaran virus menurun sb4lczr94y,827,0.3958506883005985,11
gimana ya progress tulisannya 1x tulisannya lunas pls explain 6c6sownxgd,1644,0.3928268319260377,11
senasib bro ga transparan qzrmtomeaf,227,0.39277751139002676,11
pinjem duit bisa gak heheheh,1608,0.39275927128454513,11
ya kirimkan email inbox ya,632,0.3927570885191915,11
situsnya ga bisa dibuka,1985,0.39275324452289584,11
autopurchase ko ga bisa ubah ynmpy0iv16,214,0.3927532445228868,11
error ya min 5xgcg4tgpn,1000,0.3927411712066075,11
gak bisa ditelpon ya skarang ktxh8zhrli,1592,0.39272705853515716,11
parah dah aplikasi isypgodhy4,1720,0.39272701075003447,11
aww mlu bgt gak khawatir over budget seva id ada fitur beli produk sesuai anggaran masukin estimasi dp angsuran biar kalkulasi rekomendasiin mobil cocok,1113,0.39271246524675324,11
udah direply ya min,1693,0.39269975936657403,11
email support kaga dibales nihhh min bantulah,1561,0.39262752548171503,11
kek gitu nih ya,158,0.39259249665321105,11
teteh ud rumah udh bberapa pdhl gatel pen nge mall,742,0.39257016657383453,11
ada perbedaan nilai penerimaan bunga web,1631,0.3925184042331948,11
setting aplikasi memunculkan notifikasi ada calon borrowers dgn kriteria,293,0.3925028708558363,11
down ya bisa login 9yc0fn1suv,996,0.39241591046142166,11
izzah kuliah d mna ya,746,0.39240389965235106,11
tweep gaes ada tau,1341,0.3923953338541474,11
sudah loh sesuai janji,1433,0.3923604265478493,11
knp portfolio nol,1774,0.3923417180688916,11
ada resikonya hidup pilihan,729,0.392317796834036,11
ga bisa tidur belanja hadeuh,219,0.3922722700745127,11
min mandirifiesta udah nuker fiesta pin voucher kodenya gagal pointku udah kepotong bisa dm gak,1931,0.3894810380340829,11
gaboleh gitu bro barusan dapet investor doi daveseta status ...,1744,0.38852552401068624,11
emas bagus pegadaian skrg byk ky gt beli emas digital ada toped ato pegadaian lgsg dana kalo udah nyampe brp gram bisa dicetak,29,0.38765668160164246,11
website ga bisa lihat info detail peminjam,1725,0.38691833965419226,11
mohon dibantu sudah sent dm,856,0.38611657172502334,11
udah invest hr ngga mengecewakan npl portfolio pribadi,618,0.3855073998033856,11
portofolio gk kebaca yah versi hp web versi hp gk kebaca rincian pemberian pinjaman fitur laporan tahunan dihapus ya tolong ada big update pake server pengujian maksa live kayak gini,1761,0.3851680489372011,11
juli investasi loan id 212019e483 proposal grade a3 tenure jatuh tempo pembayaran oct untung dapatkan berinvestasi fyicr7jr9m,892,0.38499678102896545,11
pd summary akun cash ribu total principal juta account value juta withdrawal cash kemana total principal pinjol pinjamanonline,1847,0.3842977085045551,11
asetku kalo ga salah tkb nya ya bang kalo keknya ganyampe ya p2p ada galbay ga,670,0.3835494477433348,11
udah pake aplikasi versi terbaru disuruh update,1627,0.38284539459462713,11
sampe detik auto purchase cs official upgrade apps gak udah lapor by email ada rspon instagram p b70cjlpahl6 igshid 1j6cfzdklquii ...,1468,0.38114921240868394,11
cobain main dapet voucher gratisan gak ngerti ya udah skip,77,0.3802990270958868,11
min bisa utk update profile yah,1762,0.3793862191072724,11
usul saring filter pinjaman sudah dipinjami double mendanai pinjaman aplikasi,1751,0.3788843991948341,11
serius harap langsung cair investor dah bbrp kali dapet loan ngga ada pembayaran usaha ngejar dana proteksi bisa turun tergantung grade loan danai,1449,0.378164570256156,11
ya foto selfie ktp pending sudah seminggu nih,167,0.37660542941852176,11
ga ada tindakan nih dr utk peminjaman 2120193c23,991,0.3765011000791443,11
dibutuhkan persiapan matang ya emang sih ngumpulin modal nggak mudah ada tips bisa coba pasangan modal nikah tips menabung persiapan nikah dilansir,491,0.3763846297881706,11
sharing pengalaman jajal november walopun micnya rusak mudah2an bisa bermanfaat yo kuy merapat giveaway tambahan modal investasi bisa... instagram p b7ec0d6hp0k igshid 3t4ukgu2rfd3 ...,1536,0.37573695873887264,11
investasi loan id 212019e483 proposal grade a3 tenure jatuh tempo pembayaran oct gagal bayar ada kejelasan pembayaran dana proteksi fintech investasibodong iyxuey9t34,869,0.3730838219651743,11
investasi loan id 212019e483 proposal grade a3 tenure jatuh tempo pembayaran oct gagal bayar ada kejelasan pembayaran dana proteksi fintech investasibodong whfzlchea3,870,0.3730838219651743,11
investasi loan id 212019e483 proposal grade a3 tenure jatuh tempo pembayaran oct gagal bayar ada kejelasan pembayaran dana proteksi fintech investasibodong,871,0.3730838219651743,11
investasi loan id 212019e483 proposal grade a3 tenure jatuh tempo pembayaran oct gagal bayar ada kejelasan pembayaran dana proteksi fintech investasibodong,887,0.3730838219651743,11
investasi loan id 212019e483 proposal grade a3 tenure jatuh tempo pembayaran oct gagal bayar ada kejelasan pembayaran dana proteksi fintech investasibodong,888,0.3730838219651743,11
investasi loan id 212019e483 proposal grade a3 tenure jatuh tempo pembayaran oct gagal bayar ada kejelasan pembayaran dana proteksi fintech investasibodong,889,0.3730838219651743,11
halo admin bisa log in kode otp nya terima tolong diperbaiki,1020,0.37203721761131525,11
maintenance ya bayar ga bisa ya,1820,0.37123880609240634,11
lumayan banget denga bunga bisa mewujudkan impian lo ketimbang ditaruh deposito bank,1256,0.37067632797808187,11
update versi terbaru skrng hilang factsheet nya informasi total bunga terimah,1799,0.3695202082803482,11
dear sla process funding pencairan peminjam ya sudah status funding process berubah do i have to wait this long x9xw45nunl,1413,0.36945159829477425,11
bisa coba p2p lending bisa 100rb coba udah kaya jg cashback koin welcome koin nya senilai 350rb cmiiw,931,0.3686560459052238,11
iya sudah simulasi memasukkan kode voucher pas diklik kolomnya layar blank dashboard,1051,0.3675953683400366,11
to jokowi sbg rakyat mencoba utk mengembangkan assetnya kecil2an fintek2 sprti cashwogon sdh sah terdaftar ojkindonesia terkadang ragu jg jiwasraya asabri,1162,0.3675239356364999,11
bergabung sejak2017statusnya penarikanpenyetoranlancar peminjam mayoritasbayartepatwaktu jan2020 web berubah diutamakan apps status android apps crash data ktp bankhilang bisa direstoresudah lapor cs ada progress3hari,1472,0.3667880579037626,11
skrg juni ada kejelasan ojkindonesia mediaindonesia mediakonsumenid,232,0.366384741056196,11
iya sudah patuhi penyebaran virus tdk parah,728,0.36527004207576264,11
sipp trima kasih admin langsung masuk,1681,0.36166358553135053,11
mamah maaf ya sudah ada wifi rumah meeting pakai video call pakai wifi ajah ya uang pulsanga tabung invest czheqket10,776,0.361662059870833,11
halo dilovers rangka kartini april dilobalikpapan mengadakan seminar women money loh wanita uang min kalo penasaran yuk join langsung link ada... instagram p b cgpdmgrix igshid dmsivpz26zxt ...,539,0.3590004405258096,11
invest bisa banget min pilihan bunga beragam tergantung risiko ada sampe join jg bisa dapet bonus koin 350rb dgn gunain kode nm82676 tinggal click onelink me lgvi 9f93104b,104,0.3574239321277443,11
mandirifiesta selamat sore utk redeem kode utk dimasukkan website ya coba masukkan angka e voucher bisa tks vlni2jhe2t,1924,0.35717298516267526,11
nya error muncul something went wrong ga ada data muncul udah versi terbaru,999,0.35589959807881555,11
gabung kawan tingkatkan saldo mu nikmati hasilnya berinvestasi peer to peer add referralku ya a93068 langsung dapatkan tambahan 350rb saldo koin mu pendaftaran kalinya,1680,0.3555672445411708,11
id produk pinjaman 212019f1c2 sudah dicairkan jatuh tempo oktober,1696,0.35551032893435464,11
hallo admin akses aplikasi terbaru bisa buka browser arahin aplikasi selesai terima kasih,1770,0.35451653181613657,11
dear tim laporan produk 2120193b7a status menunggu pencairan pinjaman sudah proses merugikan pendana total sudah terproses pinjamannya,1970,0.3542125070659151,11
web nya ga bisa kebuka,1982,0.3529920852427206,11
keponya orang2 sampe linkedin diteropong kerja dlm me manage penagihan peminjam orang2 pintar kecuali niat jd penjahat ya you re messing with me status ... vf8y0igl7x,66,0.3529156331794004,11
aaaa top up saldo tp blm bisa semoga bsk udh normal,1996,0.3526957715145284,11
min bisa mengambil pinjaman ada penghasilan,485,0.35161881368885256,11
pengajuan pinjaman sudah minggu antrian,942,0.35161228625629104,11
min situs aplikasi tdk bisa diakses,1874,0.35160986655824095,11
ya pinjaman jatem april sampe bayarkan,353,0.35160475789690965,11
mandiricare mohon bantuanya penukaran fiesta point koin investasi sesuai petunjuk website mandiri bankmandiri co id mandiri ... ada menu kategori produk others bisa penukaran fiesta point,1835,0.35043400252699947,11
sudah update aplikasi pas masukkan kode otp nggak ada sms masuk czjoq0sbdc,1800,0.3503306122328023,11
sy gak bisa masuk k otp koin work nmr hp sy hangus gmn update data,1798,0.3500864312175275,11
to bisa penarikan no virtual cimb nama rekening ada nama sy cuman ada ketambahan nama instansi gt bebas bea admin sama2 cimb nya,540,0.34959674864789375,11
review sudah memasuki pendanaan ragu real bussiness kaleng kaleng mudah ya pendanaan dummy koin februari kemarin mendanai murni koin referal,246,0.3495334277572198,11
upgrade dijanjiin kelar jam kelar gimana gitu,1818,0.3491934707198932,11
klik portfolio force close ya,1454,0.3491850883879914,11
sudah diceknya saldo utuh berkurang fintech gini2,1123,0.3491343534297696,11
ga bisa penarikan yah haldwwctpw,1793,0.3491140556058905,11
sarjana hukum teh lulusnya bisa kerja kemenag jd hakim advokat,739,0.34911239308125597,11
gan donasi indonesiapastibisa ada aplikasi re senen open donasi tes kit,705,0.34907733826747805,11
gak pembawa virus ya suspect ada bergejala,759,0.3490667454636096,11
dear sudah ada perkembangan,1908,0.3490630461420164,11
min bisa penarikan ya keterangannya server busy,1791,0.34900362874177987,11
akseleran kl aq mah biar nambah trz kl males buka jenius tabung maxi savenya,38,0.34897162942328813,11
dirumahaja nggak bisa berkarya ya,764,0.3489006384306582,11
langsung mas install aplikasinya,1326,0.34886692389292623,11
ga bosen rumah besok udah bosen rencananya bergaya ootd poto poto,780,0.3488483997279559,11
coba kasi pendapat bisa sampe ribu,855,0.3481646378542152,11
aneh ya buka browser web upload ktp nyoba freeze camera featurenya hadeh mager uang gue balikin rdn for a tech company the ux for signing is quite bad,1921,0.34814299722751996,11
aplikasi error data pendanaan ga,994,0.34700260842690756,11
dm sent tolong dibantu yah,1852,0.3463193734702541,11
platform investasi diterima bibit tanam duit akseleran investree bca atmnya jarang dipelosok hahaha kalo ambil duit ada biaya administrasinya bank,331,0.3456543233616313,11
buset udah email kali nemu gak bisa ganti nomor bisa what,839,0.34488905570386763,11
iya teh dirumah udah minggu nyetock belanjaan,727,0.34425278046644886,11
kuliah ga online bisa liat2 cowok2 ganteng live mata ya wkwk,747,0.3441441404757372,11
min tanya sy lakukan penarikan dana tgl okt okt masuk rek sy mhn penjelasan,1994,0.34351423804416886,11
udah ngga pake modelnya crowdfunding pake nunggu mayan pas naro duit dana ngga dijamin returnnya ngga mending uangme cashwagon asetku naro duit langsung menghasilkan dananya dijamin aman cuannya mayan,854,0.3423148066980594,11
buka buka portofolio ada nyangkut belom bayar tulisan pembayaran dah telat moga deh ga gagal bayar mayan jajan ketemu si mbak,1467,0.34228779517809904,11
sudah clear cache menguninstall nya menginstall diklik kolom nominal penarikan langsung force close aplikasi,1675,0.34119051368963366,11
msh bisa moneydiary talk g ya kategori tiket ada info brakhir tgl okt pk m7uaicavgy,1971,0.34116037167644325,11
min blom ada voucher kali update nya rmzp4ohyvb,2020,0.34107348692789846,11
gabung kawan tingkatkan saldo mu nikmati hasilnya berinvestasi peer to peer add referralku ya pendaftaran a93068 langsung dapatkan tambahan 350rb saldo koin mu pendaftaran kalinya,1654,0.3407540076155491,11
gabung kawan tingkatkan saldo mu nikmati hasilnya berinvestasi peer to peer add referralku ya pendaftaran a93068 langsung dapatkan tambahan 350rb saldo koin mu pendaftaran kalinya,1657,0.3407540076155491,11
gue jd lender p2p th udah p2p gue coba gue coba jd lender kredit umkm via amartha investree akseleran ada plus minusnya masing2 amartha konservatif pendanaanya cepet bgt terpenuhi tenor bgt bln,1175,0.33949584013995165,11
kredit ratingnya aneh fitur aplikasi nya ga lengkap you are unnotified if a lending has been late in payment tarik dana bisa makan kaya ga ada gunanya bayar potongan pinjaman from a churned customer,1905,0.3376363345357595,11
tau koin masuk pinjaman ditarik nih xrfukr4szu,1825,0.337577600853693,11
terima kasih sudah install versi order history kosong schedule repayment,1714,0.33735424475406733,11
dana sya belom bayar statusnya ada kemana,1787,0.3363879029085809,11
keterlambatan bayar peminjam infonya dimana ya akun info terbayar saldo ceknya,622,0.3363145591394089,11
gabisa login ya min login gagal mihon coba gitu,1986,0.33566246241518605,11
okay kirim dm ya,1457,0.33523269868990185,11
sdh dm legend dl mohon ya,1395,0.33516156753940496,11
gak bener nih ilang nih portfolio nya,1780,0.3341853910552606,11
min website apps down ko bisa diakses dxxqezj7f6,1983,0.3338008200088623,11
terima kasih sudah terselesaikan malui email support,1141,0.33198488106543983,11
gini kalo ngeliat persentase gede langsung deh kebayang untung berlipat ada udah tyfkdnfyew,1393,0.33171269562916383,11
lg ada update mba nya,1832,0.33167304637421297,11
tolong dikasih tau manajemennya rilis sistem bikin versi beta dlu make sure bug free you guys hired incompetent management i will move my money elsewhere ojkindonesia,1738,0.32903185530342566,11
kecewa nih koin work invest koin p2p tgl apr berhasil info tgl mei cancel dana ngendap sia2 apr mei mending pindah investree,373,0.3281382706982627,11
min mandirifiesta hoax gimana banget masuk aplikasi linknya bankmandiri co id mandiri ... jbcps1kdfn,1956,0.32708818943380835,11
bahagianya tuh sudah tau kebutuhan harapan insan ada bingung mencari kebahagiaan sejati coba kenali cari tau rnrvsrykvt,1196,0.3269428684989412,11
iya teh keluarga dirumah gak kemana nih mo bobok cantik,756,0.32691656645971107,11
modelnya awaaaal banget udah gede rollersk8erboi status ... gh2eif0dct,179,0.32558172066214586,11
ada perubahan signifikan portfolio ngawur history penarikan penambahan dana sudah muncul seminggu nih dapet suntikan vc kaori saison,1749,0.3230704430798402,11
resikonya apasih kak msh paham bgt kalo ttg invest duit platform p2p tuh macem,168,0.32258407444099074,11
ayo ikutan aplikasi masukan kode referal rs02441 spy langsung dpt koin ga lsg kasih pinjaman koin dpt kmd pelajari sdh... instagram p b7psukmhqrsd2lyzfuhoqoh6uealzgnknsq2uw0 igshid 172alaww0kcwa ...,1575,0.32240215074901907,11
mikir sih emang bisa ya aaku tabungan bisa lho bunga ajib,1327,0.3219054627494452,11
basisan panggil lu ambil jurusan ga d iii wiih lumayan ngambil pinjeman kayanya gampang wkwkwk murabbi emang udah paham belajar,690,0.3210047651652958,11
nanya februari ada terima rupiah gm7acn17zc,862,0.3201990113439543,11
aplikasi super financial membedakan si pendana si peminjam orang bisa mengakses layanan keuangan tersedia aplikasi mengatur aset pengajuan pinjaman,1292,0.3190315469247881,11
klo so far gw liat bgt list investasinya plus variasi nya lebar dr tenor dr return lngkap dg grade resikonya additional nya y fitur auto invest nya auto purchase bs bntu lo lo kn sibuk nih tgl set kriteria dsitu,1822,0.31896294369822076,11
ada dana tersisa dipakai bid uang tersisa rb filter auto purchase sudah habis,1726,0.31893346717555154,11
otpnya masuk2 bener lemot appnya iini loging pc ga masuk2 otpnya gimana sih error2 mulu,1649,0.3181046979015893,11
otp gak terkirim nih gak bisa login pindahin p2p reliabel terima kasih mrspbc90hm,1782,0.3178730953514821,11
iyaa coba pelajari eh safe area sebar nih kemarin rumah hani,1223,0.31742542188944706,11
bilang mba tegur lapor rt,732,0.31725129167060834,11
ive received an email regarding an otp via email but ive never registered w ur website or before would appreciate it if you could remove me from the mailing list,361,0.3167356565890513,11
top up pinjaman blm ada balasan email,1756,0.31656410978552224,11
link report aplikasi kekirimnya suppport jd delivery failed triple p lho jd aneh skrg plz fix it,1483,0.31611896211729246,11
barusan baca tweet kak andihiyat pertahun dimana deposito bank tertarik awp7nari2a,1275,0.31585139866075607,11
tolong iki gmn peminjam bnyk macet,1913,0.3158511928969234,11
kompensansi keterlambatan diterima pendana cari web faq ada,1122,0.3152741713826412,11
salah solusi ganteng banget bisa bantu bantu nyenengin bini ga bini sih pastinya,1357,0.3152217416719834,11
halo bpk soni mohon pastikan utk kode voucher dimasukan ya utk kode voucher tsb digit angka ya tks yuma,1916,0.3144949409473884,11
i m also got this error the first error when you want to load your portfolio after that it always stuck on splash screen please fix,1764,0.3143331632865164,11
aplikasinya berat susah diakses ya portfolio nilainya,1781,0.3142130809994646,11
untung krn bnyk macet kredit,1750,0.3141485977609452,11
woi gimana udah dapet return disalurkan dibalikin kagak qz7dejq6ez,600,0.3140589862175228,11
sudah terdaftar ojk nih nggak diragukan legalitasnya,1346,0.31390957817327547,11
sudah balas online jam ya,655,0.31385820303698264,11
permisi kn lgi butuh uang juta kah bisa meminjamkan,921,0.31320786282694557,11
to cek dm nya intinya mohon dipercepatlah proses penarikan masak dah kena admin 5rb 5hari cashwagon penarikannya bebas admin realtime ojkindonesia,966,0.31079798944697373,11
udah tolong dibantu secepatnya yaaa,1522,0.3099488869397901,11
beli emas gue sih prefer ya kalo investasi ga kebanyakan fitur smooth teknogav status ...,6,0.308021241969304,11
laporan tahunan menunya dimana,1601,0.3061224489795027,11
udh tangkep tuh zbfjmj3asp,565,0.30612244794141036,11
gak malaikat teh,743,0.3061214940498664,11
gak gak berani,537,0.3061212908852807,11
ga gitu praktek makulnya,745,0.3061005930014032,11
dihardik dicecar respon buruk ya buruk,1471,0.30607056847066105,11
keluyuran ya teh,749,0.3060705684702265,11
email ya detailnya,56,0.3060309957700981,11
ga ada pemberitahuan,1981,0.30602917643490674,11
udah mba,1241,0.30597602307640775,11
bisa dibalas ounya permasalahan,1629,0.30595991259646027,11
tanggal brapa mba d9ccpimbut,1586,0.3059499874691442,11
bisa gitu,1528,0.30594663083691387,11
dibalas yak min,321,0.3059127314666683,11
min nanya,1783,0.3059126969385761,11
universitas semarang teh loh undip,740,0.3058840861304728,11
thanks udah ajakin jalan2 t3ivtztuqw,2001,0.305825788491771,11
okay thanks penjelasannya,1856,0.305792952331605,11
sudah bisa,1974,0.30575208024749034,11
tp bug lz6zbxci7z,1616,0.30573817769605316,11
website diblokir kominfo ya,1719,0.30568575732421494,11
website maintenis ya,1819,0.30568575732421494,11
email tweet dibales nih,784,0.3056628463573572,11
gua sukaa nih ngambil poto salamin ya ayy,820,0.30565612437822415,11
realita berinvestasi p2p lending pahit sbg lender easy way to make money ya duit lender nyangkut ga tagih nggak non performing borrower laywookcom status ...,16,0.3045724883137507,11
sbg investor bisa laporan laba rugi disediakan share getcloudapp geu24wl7 kebutuhan pelaporan spt thanks,930,0.30409670439988573,11
iya teh jurusaku masuknya fakultas hukum jd lulus gelarnya sh,736,0.3037100185310458,11
refund langsung terefleksi saldo kas menunggu selang informasi ada refund saldo kas terupdate,1554,0.3036628882852474,11
nanya kl permohonan pinjaman sudah dlm antrian brp lg k proses tawaran kontrak proses pendanaan pencairan,533,0.30306420890742686,11
wow beneran bener banget nih peluang terbaik investasi wajib kudu coba dah gak peluang ngedapetin perasaan hangus bisa dapetin peluang sampe lepasss,1197,0.30306354368784266,11
ayo dapatin koin 350rb dgn input kode referal rs02441 trus pakai koin tsb 350rb utk pinjaman 500rb jd deposit 150rb pilih tenor spy cepet cair newbie bisnis sukses resiko onc8bgesso,1566,0.302220025500245,11
halo min dibalas,1650,0.3015244948420803,11
paper id berkerja institusi finansial terkenal loh modalku investree membantu butuh tambahan modal usaha bisa nih tenang bunganya normal gak mencekik bikinnagihdarirumah,677,0.3010826578299139,11
bikin gue tertarik sih pendanaan ukm gitu sih modal usaha gue ngerambah online shop kecil2an doain bisa gede yak ada aamin gaji gue ga ada tabungan invest,1235,0.30016543976135734,11
terimakasih responnya sudah dm ya min mohon dibantu makasi,1055,0.2999183734072044,11
sudah dm kemarin respon,1869,0.2986955780833021,11
caranyapun mudah teman teman langsung install aplikasinya super financial bisa pemberi modal peminjam mengembangkan bisnisnya,1362,0.2981078712393932,11
id produk 212019e483 212019e976 212019f7bb 212019ffd7 nyatakan gagal bayar sudah kerja tanggal jatuh tempo oktober,983,0.2978605330096734,11
ada bisa loh dapatin bunga pertahun pastinya hasilnya deposito investasi kekinian hitz peer to peer p2p lending,1369,0.2978216663369535,11
aplikasi bawaan kaya qcash gak sop udah tutup ojk rfyucolabo,1848,0.29641382474500794,11
mengirim email kemarin mngenai id produk peminjam tolong responnya dongg,695,0.29298642514569334,11
bener beruntung banget bisa kerja belajar rumah tinggal disuruh diem disuruh maju medan perang,760,0.2911268135437179,11
sih yag gak bahagia pasangan ya mas bunga segitu lumayan banget pakai,1303,0.2904081888584404,11
wakakakakak coba tanya miminnya [?] ehhh gapernah ghosting gue yawla dosa,1224,0.289690853220593,11
sang peduli ttg bisa perusahaan finansial gemetar krn reputasinya jatuh,419,0.288495420190284,11
wd nya ya minggu belom masuk,1936,0.2884316983956701,11
ngga bisa dibuka stuck halaman logo nya need your help to fix it,1765,0.2871360051846187,11
thanks udah dapet provision fund lumayan ngurangin pedih hati,228,0.28689276025135324,11
mandirifiesta penukaran fiestapoin voucher sudah ada katalog,1911,0.28571895551446896,11
kakakk bisa masuk akun ni maintenance tolong akuu,1718,0.285657880413238,11
super penggunaanya membingungkan fitur laporan tahunan hilang kemana ribet simple super,1624,0.28561659588398136,11
hai kak mohon maaf kendala alami ya kak bella sarankan kakak menghubungi partner ya kak kakak dibantu pengajuannya silakan menghubungi nomor customer service s45 in a1qxv53b,1849,0.28334184543998797,11
goddamnit aplikasimu bentar2 diupdate bikin repot tau nggak user ga menghadapi kerepotan update apps platformmu bisa diakses mobile web seneng banget kyknya lu bikin user repot,1425,0.282564420921475,11
oke sudah dm ya min mohon bantuannya terima kasih,438,0.28094842772143647,11
ada pengalaman pendana investree gak honest review is appreciated,1488,0.2794204842843033,11
seng msh suka bandel baca kebangetan bgt kalo diabaikan billboard segede,828,0.27843904605792114,11
bisa mengambil produk pinjaman koin bisnis ada penghasilan min,469,0.27804598673488773,11
iya sih ya pengen tawarin bisnis tabungan perdagangan investasi berdagang bilang profit bisa istilah trending jaman bisnis trading aplikasi,175,0.2754884583921381,11
olahraga pagi rumah poin daily checklist edisi wfh why pekan belajar rumah anakku olah raga pagi keluarnya sih sekitaran... instagram p b9 zfvxavfy igshid bykm2erycu9m ...,841,0.2752623439533448,11
shopeecare kak dpt penawaran pinjaman modal pinjem 76jt x 12bulan bunganya ya modalku taralite pilih bunga thanks uxdjguubnt,959,0.2738988381397988,11
pionir peer to peer lending bisa alokasikan dana dg tujuan sosial bunga pengembalian drpd lembaga keuangan tradisional bisa banget jd investasi investasi termudah nih bunga gede drpd deposito adrtmswa1y,1391,0.2721846520826777,11
iya salah investasi modalnya rp100 bisa dapet return ampe mayan ragu coba cari playstore masukin daftar klean dana invest feel free to ask,1219,0.27000349871813834,11
ada restrukturisasi hutang gaada notifikasi lender ya,330,0.269421045337135,11
sudah lapor cs pengerjaan,1462,0.2692439228649344,11
nih urusan kenaikan uang belanja bu ibuk perencanaan pasangan pastinya ya bisa depannya tercipta salah satunya finansial,1228,0.26885238160680336,11
udah dm ig min mohon direspon,340,0.2685393474900589,11
iya terpaksa nunggu turun tagihannya saran ya teleponin rajin2,1443,0.2684545280790096,11
nyobain ada udah pake,1987,0.26843451073875574,11
seminggu kemanapun seminggu dirumahaja,795,0.26790378475091203,11
dianya gak balas bang,1405,0.2678709258435559,11
maintenance mulu dr kmrn,1814,0.2678679638290145,11
nice move ada event2 pandemi kontak2 muirpotret ya,451,0.2677654662443164,11
kerjaan ya bisa didayagunakan utk menagih utang borrower lulusan uph agent goblok2,111,0.2676827631262394,11
situs lu mati kalo weekend,1872,0.2676826256443841,11
gaji cair min,982,0.2675161501121832,11
web nya error zfthhy8goi,85,0.2662478440440299,11
pagi bisa akses,1817,0.26614042803097454,11
mari dirumah thanks udah bikin billboard gede,772,0.26518523662314375,11
min login kode otp tdk bisa dimasukan,1694,0.2643732923899646,11
hallo admin aplikasi tdk bs diakses selesai maintenance,1777,0.26410277882327216,11
seriusan patuh untung peduli sm masyarakat gak on sosmed jd tersebar infonya,807,0.26187240034062953,11
jelang senin dirumahaja tuh lihat menyarankan patuh gerakansocialdistancing kerjasama penyebaran covid bisa diatasi so please gak keluyuran ya cbbcvgsagy,801,0.26063694848003827,11
iklan bentar investasi bisa nih nyoba fintech p2p udah terdaftar ojk tinggal onelink me lgvi 9ccf138c pake kodeku dapet koin,288,0.2580404983421563,11
to mohon balas dm sy sy sdh kali mencoba utk purchase p2p via aplikasi android sll gagal pesan error,287,0.2575053508400552,11
cons cs cepat penanganan email mention dm bisa teratasi menghabiskan minggu,243,0.25640595165473706,11
iya teh dirumahaja nahan utk ga pergi kalo gak banget biar wabah cepat,755,0.25617125846509037,11
hmm mending balas dm kemarin min terkait pendanaan,1140,0.25473968045116174,11
proses verifikasi sudah minggu verifikasi proses gimana percaya investasi platform klu penangan nya lambat,305,0.2510504909019355,11
biar bisa diskusi btw mah p2p emas,176,0.25050086604384464,11
okay terima kasih min,1437,0.25027196510674193,11
daftar pengguna beli voucher online shop pake uang pas redem dipakai alasan bisa claim voucher sungguh penipu kalo mo nipu kelas kakap bozz sudah dm alasan bisa claim pengguna bisa pakai vouchernya xztmkwvch8,83,0.7384772713085085,13
reserve fund ngecover loan gagal bayar itupun discover maksimal tergantung grade loannya akseleran ga salah maksimal dicover loan gagal bayar,41,0.7139765396228721,13
bikin program aneh2 mending bantuin bayar uang kreditur mu piutang nya gagal bayar kasihan sudah mimpi invest berharap duitnya berkembang nyangkut,193,0.5456339423222408,13
rate amburadul sist beli ori masi buka sampe minggu rate maknyus pake sist,190,0.5316450567331592,13
sudah gini emamg kudu ngucapin thanks ama,777,0.5141518589313491,13
bang nemu twit pas search dah stop prospek kedepan kira2 gmna bang makasi sy juli,1436,0.5118091571393643,13
uang sisa ngendap tabungan mending invest hihi nggak susah,1268,0.46732464122425516,13
bener bangeeet semoga pengingat kayak gini bikin program social distancing rantai covid19 bisa terputus sudah positif bisa intensif ditangani sembuh,750,0.4603364331801538,13
"w enak versi desktop ketimbang appnya pas daftar bibit buka buka applikasinya kaya ""huwoow easy""",1840,0.438721082975356,13
melek fintech jawa barat salah daerah pengguna j mp 2hcp4te n1vcbyef2w,1061,0.4142253707716014,13
coba daftar kali loan nya approved,1941,0.4140669243568513,13
return oke sesuai standard mostly sesuai portofolio resiko grade a b bisa bayar,1486,0.40404570624992764,13
kalimantan barat sudah bisa,453,0.39261252372844174,13
min kode otp pakai pulsa pakai pulsa bisa dikirim kode otp email pakai google authenticator thanks,1736,0.387104383845885,13
tried to login to my account but stuck in the otp i received no sms my number displayed are correct pls help,1795,0.37661525810003,13
pagi sy lender bingung mail sy g d uda d update d mobile phone hp sy support finger print gmana,1808,0.37418634879156554,13
gmana ganti nomor hp bilangnya bisa gmana progres,837,0.36630210053785744,13
melek fintech jawa barat salah daerah pengguna dlvr it rqjndy,1058,0.3596924582560834,13
melek fintech jawa barat salah daerah pengguna dlvr it rqjndq,1059,0.3596924582560834,13
no hp tertera 62812xx tiba2 berubah verifikasi 6212xx pendaftaran kali nomor sudah dikirimkan otp wa nomor sesuai knp tiba2 no hp tsb bisa berubah,1052,0.3581703900737276,13
tida gagal bayar sampe ada kemarin november edu loan gagal bayar dipake modal dagang aman,1487,0.3563372817438942,13
follow up id produk 212019e483 gagal bayar oktober kemarin tunggu jumat pencairan dana,940,0.35313155568170174,13
nvm received the otp via wa thanks,1769,0.3491100616800957,13
knapa emang gw mlh pke amartha ama wkwkwkw,1173,0.34903483356379655,13
bang gmna dg sy lgi nyoba knp bisa nyimpulin platform unggul thankyouu,2018,0.34517470537201944,13
melayani kebutuhan warga jawa barat bewarajabar melayani kebutuhan warga jawa barat ... 8zcltqzsr5,1150,0.3451053560580617,13
halo min nanya login susah ya otp masuk sms registrasi upload ktp gagal berulang kali coba,766,0.33787352937926285,13
kayak gini bang kudu mengedukasi masyarakat awam masyarakat mengerti semoga mengerti sosialisasi,791,0.3261344853598994,13
mandirifiesta masukkan kode voucher kog salah mulu sudah,1926,0.324775013003404,13
rombak tampilan web mobile w prefer npl nya lumayan akseleran ada loan nyangkut september hhhh,1823,0.3155688348311052,13
salah satunya tp gue kapok pake,1169,0.31438993365846074,13
salah satunya join bingung tabungan diapain kann yaaah,1322,0.3142221705010059,13
pengguna berasal pulau jawa disusul pulau sumatra pulau kalimantan peningkatannya bisa pandanganku bunga 3gxubn6ngw,1261,0.314147692531751,13
mandirifiesta e voucher bisa ditukarkan,1917,0.3133571958330626,13
udah pake billboard segeda gaban gini kudu sadar sesadar sadarnya mari santai dirumah kaum rebahan ya,813,0.31227602704000845,13
va cimb gangguan gagal ya trf pake go mobile,1944,0.3115105044545738,13
gagal bayar aheeixtsce,1419,0.306120636733948,13
informasi hukum sy gagal keupload kali upload pas d cek unverified status menunggu sistem verif auto,1692,0.3042708785877167,13
help sudah proses login step tunggu otp ada otp diterima,1796,0.30056660164048565,13
hahahaha gw sempet pake jelek banget p2p risknya lumayan sih pas kondisi gini,312,0.2964245399596858,13
susahnya coba berdiam dirumah semoga bisa cepat bikin billboardnya,771,0.292425248892071,13
klo dipake modal usaha sih bs pake,563,0.28570873594629564,13
paman pake ga need reviewnya kamsia,857,0.2816640388714276,13
p2p klien gagal bayar resiko tanggung gak berani ngasih bunga segitu mitra tokopedia,471,0.27086448809682667,13
gimana investasi beliin tas pacar ajah susah dih gini investasi tuh modalnya bisa mendanai nominal investasi gak kudu kaya bs bikin kaya uwow w9oyw9yfrs,1392,0.2700368933064263,13
bandungberita melek fintech jabar salah daerah pengguna ... infojabar bandungberita koinworksco,1152,0.26770116229804164,13
saham bbca bisa pakai stockbit p2p lending sektor produktif konsumtif pakai,1830,0.2614057460964015,13
mandiri fiesta receh2 gini jaman keknya bisa jutaan nukar fp royal cuman pas promo tukar poin koin dpt 20jt an koin,304,0.2590686848027504,13
tergantung gagal bayar macet lender uangme asetku setau w dijamin dana pokoknya lebi berisiko lending umkm,426,0.258954957279397,13
gimana ceritanya gagal bayar terusan diundur ada pencairan dana proteksi diundur undur kcbddvip0f,1039,0.25533145059470713,13
